time_s,conversion
0.1,0.082940561
0.2,0.043050001
0.3,0.10458681
0.4,0.042894511
0.5,0.042523921
0.6,0.12504596
0.7,0.03924841
0.8,0.108022
0.9,0.14555583
1,0.1370511
1.1,0.14118919
1.2,0.097447729
1.3,0.1625558
1.4,0.14960054
1.5,0.09953531
1.6,0.099834059
1.7,0.2030816
1.8,0.12346357
1.9,0.09841469
2,0.12996005
2.1,0.15776761
2.2,0.1185725
2.3,0.1207251
2.4,0.16558172
2.5,0.17049327
2.6,0.13435269
2.7,0.12001936
2.8,0.19944138
2.9,0.13853948
3,0.12025217
3.1,0.15816835
3.2,0.16783524
3.3,0.15070409
3.4,0.1389514
3.5,0.16621382
3.6,0.1866362
3.7,0.15107543
3.8,0.13492979
3.9,0.18360615
4,0.16468579
4.1,0.15088119
4.2,0.16564448
4.3,0.18566473
4.4,0.15947968
4.5,0.15008467
4.6,0.18514557
4.7,0.18005215
4.8,0.16767704
4.9,0.16804602
5,0.1805889
5.1,0.1893049
5.2,0.16811059
5.3,0.16390639
5.4,0.20134452
5.5,0.18981695
5.6,0.16628061
5.7,0.18320095
5.8,0.20782665
5.9,0.18110459
6,0.18155209
6.1,0.22931984
6.2,0.19076567
6.3,0.18209928
6.4,0.19237271
6.5,0.20959673
6.6,0.18884204
6.7,0.18867313
6.8,0.22408674
6.9,0.20162904
7,0.19182915
7.1,0.2034782
7.2,0.21571131
7.3,0.19426137
7.4,0.20198675
7.5,0.2186261
7.6,0.21165865
7.7,0.20583072
7.8,0.20900864
7.9,0.22186123
8,0.2107171
8.1,0.20773133
8.2,0.21844063
8.3,0.23200411
8.4,0.19960736
8.5,0.21583831
8.6,0.23972027
8.7,0.21592232
8.8,0.21366392
8.9,0.2473724
9,0.24795459
9.1,0.20222759
9.2,0.24696585
9.3,0.21948545
9.4,0.21601147
9.5,0.25507094
9.6,0.21311802
9.7,0.2298737
9.8,0.24577054
9.9,0.20981164
10,0.24217261
10.1,0.25126823
10.2,0.2251933
10.3,0.23916423
10.4,0.24987769
10.5,0.23119712
10.6,0.26440758
10.7,0.24261822
10.8,0.2575492
10.9,0.24314716
11,0.22249289
11.1,0.26215912
11.2,0.23083805
11.3,0.26483061
11.4,0.23576661
11.5,0.2549917
11.6,0.26430068
11.7,0.24957914
11.8,0.27425094
11.9,0.25207068
12,0.26290521
12.1,0.26171776
12.2,0.25925773
12.3,0.27816878
12.4,0.25297671
12.5,0.28936904
12.6,0.26351533
12.7,0.27034731
12.8,0.27677265
12.9,0.27824642
13,0.29753694
13.1,0.26839474
13.2,0.26667938
13.3,0.25159199
13.4,0.2828756
13.5,0.26201738
13.6,0.28943903
13.7,0.28800622
13.8,0.26543775
13.9,0.31671349
14,0.27490747
14.1,0.31635449
14.2,0.27833083
14.3,0.27580313
14.4,0.30647512
14.5,0.27139922
14.6,0.32058546
14.7,0.28466124
14.8,0.3071094
14.9,0.29786901
15,0.28732463
15.1,0.31337423
15.2,0.27001321
15.3,0.30957325
15.4,0.30771167
15.5,0.28886704
15.6,0.32267662
15.7,0.27938615
15.8,0.31551452
15.9,0.29764737
16,0.28870254
16.1,0.31890703
16.2,0.27912435
16.3,0.33414543
16.4,0.30604472
16.5,0.30433632
16.6,0.32426419
16.7,0.29019672
16.8,0.32750337
16.9,0.29635034
17,0.32957812
17.1,0.32049807
17.2,0.28321106
17.3,0.34884322
17.4,0.30622037
17.5,0.31718733
17.6,0.3287565
17.7,0.29294896
17.8,0.33523023
17.9,0.29755445
18,0.33835549
18.1,0.32578282
18.2,0.29228657
18.3,0.35792468
18.4,0.30627413
18.5,0.32676848
18.6,0.33115895
18.7,0.29872928
18.8,0.34180244
18.9,0.3003018
19,0.33875682
19.1,0.32937523
19.2,0.30038668
19.3,0.3617722
19.4,0.31433407
19.5,0.32964942
19.6,0.33127266
19.7,0.30436153
19.8,0.3485575
19.9,0.30172503
20,0.36125718
20.1,0.33371094
20.2,0.30940557
20.3,0.36378752
20.4,0.31411459
20.5,0.34765765
20.6,0.32942002
20.7,0.31022097
20.8,0.35381269
20.9,0.30365966
21,0.39341042
21.1,0.33569238
21.2,0.32018957
21.3,0.36398905
21.4,0.31512285
21.5,0.35562392
21.6,0.32673674
21.7,0.3195271
21.8,0.35834287
21.9,0.3053105
22,0.36521361
22.1,0.34114913
22.2,0.33379124
22.3,0.36270318
22.4,0.31544399
22.5,0.36180703
22.6,0.32370601
22.7,0.33152018
22.8,0.35620431
22.9,0.30953179
23,0.38434028
23.1,0.33849872
23.2,0.34779439
23.3,0.36173841
23.4,0.31798325
23.5,0.36287979
23.6,0.32847951
23.7,0.34558128
23.8,0.35566947
23.9,0.32320576
24,0.36329505
24.1,0.34292984
24.2,0.34697772
24.3,0.35753695
24.4,0.32749284
24.5,0.37114683
24.6,0.3278457
24.7,0.35325288
24.8,0.35593875
24.9,0.32966763
25,0.37325693
25.1,0.33929082
25.2,0.3652739
25.3,0.35480687
25.4,0.33127525
25.5,0.37460555
25.6,0.32744565
25.7,0.37315414
25.8,0.36539086
25.9,0.33888603
26,0.38338102
26.1,0.33760589
26.2,0.37399841
26.3,0.35053285
26.4,0.33735638
26.5,0.37691668
26.6,0.32689224
26.7,0.38920425
26.8,0.3635507
26.9,0.34860396
27,0.36626834
27.1,0.34481693
27.2,0.37946138
27.3,0.34597318
27.4,0.3455549
27.5,0.37915858
27.6,0.32832038
27.7,0.39855853
27.8,0.35988141
27.9,0.35978168
28,0.36972509
28.1,0.34619044
28.2,0.38230654
28.3,0.3415293
28.4,0.35816498
28.5,0.37335787
28.6,0.33992729
28.7,0.40385902
28.8,0.35503606
28.9,0.37068959
29,0.37210012
29.1,0.34733085
29.2,0.38633436
29.3,0.34659237
29.4,0.3626584
29.5,0.37319904
29.6,0.34500568
29.7,0.40669015
29.8,0.35158805
29.9,0.37027431
30,0.37071806
30.1,0.34968036
30.2,0.3893199
30.3,0.34478522
30.4,0.38272533
30.5,0.3736126
30.6,0.35007071
30.7,0.40191155
30.8,0.35446225
30.9,0.3859899
31,0.36438999
31.1,0.35396624
31.2,0.39142526
31.3,0.34303295
31.4,0.39735896
31.5,0.37986007
31.6,0.35930689
31.7,0.3997817
31.8,0.35152681
31.9,0.3913096
32,0.36064819
32.1,0.35962155
32.2,0.39210535
32.3,0.34176081
32.4,0.40784476
32.5,0.37568785
32.6,0.36832308
32.7,0.39607888
32.8,0.34958336
32.9,0.39491269
33,0.35509456
33.1,0.36894513
33.2,0.38849992
33.3,0.34324011
33.4,0.41320293
33.5,0.37009156
33.6,0.37881332
33.7,0.3927885
33.8,0.34999558
33.9,0.39725827
34,0.35084246
34.1,0.37923933
34.2,0.38680398
34.3,0.35425975
34.4,0.41625418
34.5,0.36584064
34.6,0.37473144
34.7,0.38680449
34.8,0.35687333
34.9,0.39834315
35,0.35822768
35.1,0.39046518
35.2,0.38555634
35.3,0.3585605
35.4,0.4131754
35.5,0.36719977
35.6,0.39123309
35.7,0.3820912
35.8,0.35881131
35.9,0.40126372
36,0.35586548
36.1,0.40151493
36.2,0.39142581
36.3,0.36553375
36.4,0.41039064
36.5,0.3632582
36.6,0.39847746
36.7,0.3760266
36.8,0.36317517
36.9,0.40161555
37,0.35067532
37.1,0.41280401
37.2,0.38766326
37.3,0.37309058
37.4,0.40658192
37.5,0.36065941
37.6,0.40162685
37.7,0.37008209
37.8,0.36853542
37.9,0.40167185
38,0.3594323
38.1,0.41788341
38.2,0.38172891
38.3,0.38290544
38.4,0.40240275
38.5,0.35977945
38.6,0.4019255
38.7,0.36447491
38.8,0.37901586
38.9,0.39474674
39,0.36426371
39.1,0.42288922
39.2,0.37559797
39.3,0.39145675
39.4,0.3967707
39.5,0.36526645
39.6,0.40549857
39.7,0.36675015
39.8,0.38166317
39.9,0.39246256
40,0.38422259
40.1,0.4222708
40.2,0.37148642
40.3,0.38445136
40.4,0.38999807
40.5,0.36545352
40.6,0.4070687
40.7,0.36306912
40.8,0.40048414
40.9,0.39145578
41,0.38723
41.1,0.41530179
41.2,0.37233118
41.3,0.4027492
41.4,0.38615706
41.5,0.36802012
41.6,0.40866813
41.7,0.36103982
41.8,0.41400104
41.9,0.39678442
42,0.39327479
42.1,0.41280022
42.2,0.36918218
42.3,0.40725409
42.4,0.38039332
42.5,0.37252842
42.6,0.40866961
42.7,0.35880228
42.8,0.4229713
42.9,0.39189692
43,0.40379469
43.1,0.40740753
43.2,0.36610676
43.3,0.40950473
43.4,0.37393446
43.5,0.38082782
43.6,0.40396126
43.7,0.35890005
43.8,0.42830673
43.9,0.38542081
44,0.39553362
44.1,0.40630066
44.2,0.3648884
44.3,0.41088531
44.4,0.36906202
44.5,0.38741677
44.6,0.40643768
44.7,0.3686394
44.8,0.42844305
44.9,0.37976146
45,0.38820079
45.1,0.3996126
45.2,0.37159401
45.3,0.41181976
45.4,0.37101357
45.5,0.39444396
45.6,0.3980323
45.7,0.37118722
45.8,0.42581509
45.9,0.37974548
46,0.40069609
46.1,0.39400423
46.2,0.37143959
46.3,0.41255483
46.4,0.36778346
46.5,0.41089248
46.6,0.4030263
46.7,0.37726861
46.8,0.42256504
46.9,0.37516597
47,0.40980008
47.1,0.38749675
47.2,0.37424191
47.3,0.41210126
47.4,0.36413023
47.5,0.42366178
47.6,0.39859685
47.7,0.38374687
47.8,0.41779863
47.9,0.37168654
48,0.41727248
48.1,0.38190801
48.2,0.3797215
48.3,0.41255295
48.4,0.3625744
48.5,0.429245
48.6,0.39248932
48.7,0.39192361
48.8,0.41277427
48.9,0.36955975
49,0.39947122
49.1,0.37948619
49.2,0.38954698
49.3,0.40423464
49.4,0.37070366
49.5,0.43149228
49.6,0.38509305
49.7,0.40051861
49.8,0.40606795
49.9,0.37441251
50,0.40746556
