ep,kind,rep_of,t_plus_s,t_minus_s,w_b_rpm,duty,period_s,w_hi_rpm,r_last,X_last,P_last_W,r_mean,X_mean,X_blocks,r_blocks,wall_min,worker,status
23,init,-1,2.918648167740356,2.821414845917701,300.0,0.5084697085721268,5.740063013658057,534.5094901906791,0.252015295431219,0.3667191717588335,3.6636418099040085,0.24682907228519863,0.36153294861281304,0.343509;0.363826;0.366615;0.366996;0.366719,0.228805;0.249122;0.251911;0.252293;0.252015,186.38594154516855,worker_23,ok
14,init,-1,4.8831039825630524,3.9437669491872307,300.0,0.5532089480314606,8.826870931750284,532.4633310602468,0.24548025201434368,0.3599489734230965,3.6561309617955655,0.2415439763402492,0.356012697749002,0.346153;0.358708;0.353084;0.362169;0.359949,0.231684;0.244240;0.238616;0.247700;0.245480,187.6790764371554,worker_14,ok
3,init,-1,4.75,0.25,300.0,0.95,5.0,315.1409298180993,0.27864664705580977,0.3956586850817311,3.737364494547926,0.2725291183732152,0.3895411563991364,0.369095;0.392290;0.395214;0.395448;0.395659,0.252083;0.275278;0.278202;0.278436;0.278647,192.2106131672859,worker_03,ok
25,init,-1,1.9562121414297247,0.4000671988405835,300.0,0.8302123216024597,2.356279340270308,361.1047954708517,0.2891878868822034,0.40582170636483955,3.7252841942753987,0.27741851927876376,0.3940523387613995,0.366732;0.396792;0.399962;0.400954;0.405822,0.250098;0.280158;0.283328;0.284320;0.289188,192.56750612258912,worker_25,ok
35,init,-1,2.3926991798940787,0.7685943788963662,300.0,0.7568734555640442,3.1612935587904447,392.8936425706334,0.27748645580919246,0.39363908431645106,3.7099149545218406,0.2701197936363244,0.38627242214358304,0.360919;0.391324;0.390099;0.395381;0.393639,0.244766;0.275171;0.273947;0.279229;0.277486,193.02228118578594,worker_35,ok
15,init,-1,3.4141098437848685,0.11709678364743693,300.0,0.9668394415841411,3.5312066274323053,309.7631880604029,0.285444943846924,0.40264032833961666,3.7432205806966037,0.2775131142356496,0.39470849872834224,0.369399;0.400050;0.399782;0.401672;0.402640,0.252203;0.282854;0.282587;0.284476;0.285445,193.04039109547932,worker_15,ok
24,init,-1,4.749809173124847,0.2540812257869941,300.0,0.9492232631949239,5.003890398911841,315.4076011636132,0.27888550883681906,0.39589174111499925,3.7371790589650753,0.272981332337598,0.3899875646157782,0.368990;0.393155;0.395982;0.395920;0.395892,0.251984;0.276148;0.278976;0.278914;0.278886,193.52431190013885,worker_24,ok
1,init,-1,4.5,0.5,300.0,0.9,5.0,331.90684904390565,0.29529032537496347,0.41202135579895505,3.7283891117422905,0.2857643796845434,0.40249541010853485,0.370117;0.405156;0.412938;0.412245;0.412021,0.253386;0.288425;0.296207;0.295514;0.295290,193.5249550541242,worker_01,ok
12,init,-1,4.4010780921641,0.652264497317232,300.0,0.8709241485675367,5.053342589481332,343.01397697495514,0.27712679813351765,0.3936859574615554,3.7228995489375247,0.2693946102821681,0.3859537696102059,0.357493;0.391208;0.394348;0.393034;0.393686,0.240934;0.274649;0.277789;0.276475;0.277127,194.03532032569248,worker_12,ok
27,init,-1,4.0302208744724926,1.1334701640722364,300.0,0.7804922572610619,5.163691038544729,383.5917196957445,0.27410290300862056,0.3901574117463171,3.7067810090820275,0.26696257931509565,0.38301708805279217,0.359061;0.386027;0.389724;0.390117;0.390157,0.243006;0.269972;0.273669;0.274062;0.274103,194.1711181998253,worker_27,ok
2,init,-1,2.0,0.5,300.0,0.8,2.5,371.40521901418583,0.28742600763373616,0.40390290249029354,3.7202720217184426,0.27786772042042884,0.39434461527698617,0.365226;0.399707;0.402485;0.400401;0.403903,0.248749;0.283230;0.286008;0.283924;0.287426,194.65465919971467,worker_02,ok
40,init,-1,4.113719198524931,0.995030505556376,300.0,0.8052301319907177,5.1087497040813075,370.9680202702931,0.276556399606424,0.3927537712872744,3.7113440514863636,0.2696452954288534,0.38584266710970366,0.362966;0.393977;0.391684;0.387832;0.392754,0.246769;0.277780;0.275486;0.271635;0.276556,194.67456252177556,worker_40,ok
4,init,-1,4.0,1.0,300.0,0.8,5.0,371.4055208376547,0.2750766682476966,0.3912687334815585,3.711174563569548,0.2679978368425177,0.38418990207637954,0.362240;0.387111;0.389618;0.390712;0.391269,0.246048;0.270919;0.273426;0.274520;0.275077,194.7954698721568,worker_04,ok
0,init,-1,3.0,0.0,300.0,1.0,3.0,300.0,0.24415592173933398,0.36126206988859016,3.7403703718872428,0.24334291939401984,0.3604490675432761,0.358216;0.360538;0.361027;0.361201;0.361262,0.241110;0.243432;0.243921;0.244095;0.244156,194.8929921388626,worker_00,ok
19,init,-1,3.7994000031789157,4.052879023515567,300.0,0.48385952540180194,7.852279026694482,563.4047679731962,0.24073529719409412,0.35555501779986265,3.6673418761482472,0.23638667559375187,0.3512063961995202,0.338509;0.351616;0.354932;0.355420;0.355555,0.223689;0.236796;0.240112;0.240601;0.240735,194.9353641907374,worker_19,ok
7,init,-1,3.177731234796941,0.9115031485032316,300.0,0.7770968687376603,4.089234383300172,379.8909460548501,0.278623479095893,0.3947877609237869,3.7102871615829303,0.2710545284381579,0.3872188102660518,0.362338;0.390855;0.393384;0.394729;0.394788,0.246174;0.274691;0.277220;0.278565;0.278623,195.5436993320783,worker_07,ok
26,init,-1,1.7192256997529891,0.35947449942849485,300.0,0.8270676552732121,2.078700199181484,359.6576895420401,0.2862626058741743,0.40297444749536443,3.727776221380813,0.2768218766241044,0.39353371824529426,0.363706;0.396031;0.401372;0.403586;0.402974,0.246994;0.279319;0.284660;0.286874;0.286263,195.77372950315475,worker_26,ok
37,init,-1,4.937321246297003,2.5453039445794907,300.0,0.6598381076626744,7.482625190876494,424.7059401753697,0.26817600904962247,0.3837133815825445,3.6902636787015286,0.2629425938970683,0.3784799664299903,0.358374;0.381934;0.384104;0.384274;0.383713,0.242836;0.266397;0.268566;0.268737;0.268176,197.1314294139544,worker_37,ok
32,init,-1,4.594766259673141,4.146415621481852,300.0,0.525645882003547,8.741181881154994,565.8705564128269,0.24176206812968165,0.35607846470698373,3.651265706679029,0.23889403937498516,0.3532104359522871,0.339614;0.353089;0.360402;0.356869;0.356078,0.225298;0.238772;0.246086;0.242552;0.241762,197.22853897015253,worker_32,ok
6,init,-1,3.278995713291349,1.4117125154047776,300.0,0.6990406466195425,4.690708228696127,411.75891811991517,0.2735495692683031,0.3893352552052584,3.6981948088263534,0.26763352562328296,0.3834192115602383,0.360431;0.387246;0.389847;0.390238;0.389335,0.244645;0.271460;0.274061;0.274452;0.273550,197.78662093877793,worker_06,ok
13,init,-1,2.2090353009296617,1.2037847384516445,300.0,0.6472756475404801,3.412820039381306,443.80219015740914,0.2710108126953856,0.38671812973273834,3.6956917061730468,0.2625282885257061,0.3782356055630589,0.353086;0.381235;0.384697;0.385442;0.386718,0.237379;0.265528;0.268989;0.269735;0.271011,198.12239564259846,worker_13,ok
28,init,-1,3.0251967834729423,1.5826796533044107,300.0,0.6565273233734319,4.607876436777353,431.2145533993355,0.27070399932537303,0.38633694039399413,3.693316137731758,0.2639738025674632,0.3796067436360843,0.357050;0.382963;0.385839;0.385845;0.386337,0.241417;0.267330;0.270206;0.270212;0.270704,198.81372613509495,worker_28,ok
29,init,-1,3.723840445348495,2.331476285898255,300.0,0.6149703823307325,6.05531673124675,467.72278298846504,0.26421508979277575,0.3795291560276158,3.6831312755407914,0.2579704521331821,0.3732845183680221,0.349297;0.373519;0.380436;0.383641;0.379529,0.233983;0.258205;0.265122;0.268327;0.264215,199.3391636053721,worker_29,ok
34,init,-1,4.241718344240768,2.1139582232531677,300.0,0.6673905286393911,6.355676567493935,444.53744633823067,0.2684913398909415,0.3839524223724556,3.6878269744595604,0.2625581777599005,0.3780192602414144,0.357111;0.381193;0.383363;0.384477;0.383952,0.241650;0.265731;0.267902;0.269016;0.268491,199.4925719658534,worker_34,ok
39,init,-1,2.4832371626967498,3.28500816852422,300.0,0.4305013084752276,5.768245331220969,628.2056767043845,0.24604379091238102,0.36047094570751115,3.6548033241564566,0.24214414745312168,0.3565713022482521,0.344935;0.356718;0.359672;0.361061;0.360471,0.230508;0.242291;0.245245;0.246634;0.246044,199.54860750039418,worker_39,ok
31,init,-1,2.719591269531122,1.54709881609953,300.0,0.6374007052188193,4.266690085630652,466.5138771147185,0.2647528285220877,0.3802576408632735,3.689223706177475,0.25866327440673165,0.3741680867479175,0.352701;0.375984;0.381562;0.380335;0.380258,0.237196;0.260479;0.266058;0.264830;0.264753,199.867442214489,worker_31,ok
20,init,-1,3.8776748658428564,2.4899381789188775,300.0,0.6089683588786531,6.367613044761734,486.2004196095702,0.25968838628144775,0.37490706291827997,3.6800845317804223,0.2548840674637904,0.3701027441006226,0.348568;0.376113;0.375001;0.375924;0.374907,0.233349;0.260895;0.259782;0.260706;0.259688,200.00915232896804,worker_20,ok
17,init,-1,3.4812136663926068,4.405261568922083,300.0,0.44141565940689825,7.886475235314689,609.9719857541808,0.23838508009037074,0.35313125947228546,3.664992969458357,0.2351538609815102,0.349900040363425,0.341224;0.350442;0.352236;0.352467;0.353131,0.226478;0.235696;0.237490;0.237721;0.238385,200.16216873327892,worker_17,ok
18,init,-1,3.560196778007994,1.872680647320961,300.0,0.655305927096713,5.432877425328955,438.209059147568,0.2705394505930324,0.38580081048968,3.6814478350989255,0.26391016071366974,0.3791715206103171,0.357552;0.381203;0.385397;0.385905;0.385801,0.242290;0.265942;0.270135;0.270644;0.270539,200.21387618780136,worker_18,ok
42,init,-1,2.649683671363827,2.663378383433466,300.0,0.4987112222736723,5.313062054797293,588.7510791350464,0.24599878756657195,0.3605293321907766,3.658105595297097,0.24142952007406643,0.355960064698271,0.338761;0.355971;0.364902;0.359637;0.360529,0.224231;0.241440;0.250371;0.245106;0.245999,200.77418606281282,worker_42,ok
38,init,-1,1.547211899422027,2.030302464729978,300.0,0.43248237237721615,3.577514364152005,661.5008559955155,0.25176428263954,0.3671712368551668,3.68609811764712,0.2462128618739178,0.36161981608954463,0.347451;0.360980;0.365586;0.366911;0.367171,0.232044;0.245573;0.250179;0.251504;0.251764,201.9560325662295,worker_38,ok
41,init,-1,4.5051259087177815,3.0603769201540705,300.0,0.5954826811411786,7.5655028288718515,463.7030659828535,0.26410069606719044,0.37934599963325893,3.680934995900227,0.25633576214092413,0.37158106570699256,0.345815;0.379063;0.373962;0.379720;0.379346,0.230570;0.263818;0.258717;0.264474;0.264101,202.08530793190002,worker_41,ok
43,init,-1,4.284159520417706,4.853699779034103,300.0,0.4688362317719992,9.137859299451808,606.8823842226038,0.23767937498242853,0.3518431770951219,3.646391839479427,0.2359580317296957,0.3501218338423892,0.340671;0.351522;0.352664;0.353909;0.351843,0.226507;0.237358;0.238500;0.239745;0.237679,202.2303893605868,worker_43,ok
16,init,-1,2.8271363364956916,4.31873339836093,300.0,0.39563222412315874,7.145869734856621,689.7023282677462,0.2421307298613178,0.356283539320197,3.646040734116602,0.23920127481635256,0.35335408427523174,0.343345;0.354572;0.355091;0.357478;0.356284,0.229193;0.240420;0.240939;0.243325;0.242131,209.29511141777039,worker_16,ok
21,init,-1,1.1464862105819118,1.7455434568805648,300.0,0.39642961601699656,2.8920296674624764,755.8967561360556,0.2489742638423061,0.3643299466713525,3.6844605095597425,0.24536239922806663,0.36071808205711337,0.346125;0.357887;0.367897;0.367351;0.364330,0.230770;0.242531;0.252542;0.251995;0.248974,211.04353689750036,worker_21,ok
30,init,-1,1.8482703194531784,3.6863147012531017,300.0,0.3339492143563307,5.53458502070628,843.9504437997667,0.22847416243373114,0.3429254069868272,3.6555727510258893,0.23543593080767017,0.3498871753607661,0.343539;0.352960;0.354370;0.355641;0.342925,0.229088;0.238508;0.239919;0.241190;0.228474,216.1943680047989,worker_30,ok
33,init,-1,2.3105620385946617,4.595934765894343,300.0,0.3345490635850102,6.906496804489005,843.8703441480725,0.2334037020177377,0.3475722376664565,3.6465430286200786,0.23133431142661812,0.345502847075337,0.342853;0.348722;0.348322;0.340045;0.347572,0.228685;0.234554;0.234153;0.225876;0.233404,221.33096304734548,worker_33,ok
11,init,-1,1.3710899286816554,3.5501572421139924,300.0,0.278606190889612,4.921247170795648,948.014507243426,0.23182123587707737,0.3468336629573834,3.673496920944974,0.23058803192143845,0.3456004590017436,0.339082;0.346122;0.343869;0.352095;0.346834,0.224070;0.231110;0.228857;0.237083;0.231821,222.8246611436208,worker_11,ok
8,init,-1,1.4619917288399056,3.6799902881479802,300.0,0.2843245511185828,5.141982016987885,1025.6891018452156,0.22912623864118373,0.3455479781953301,3.718510361359436,0.22738942317436242,0.34381116272850826,0.336424;0.345760;0.342604;0.348720;0.345548,0.220003;0.229338;0.226182;0.232298;0.229126,227.59222195943195,worker_08,ok
9,init,-1,2.0668522636865694,4.607198198021759,300.0,0.30968484214270176,6.674050461708329,943.3211532689791,0.2289432798963003,0.34322433295634,3.6501368347376664,0.22964144140006817,0.3439224944601077,0.340864;0.344542;0.346864;0.344119;0.343224,0.226583;0.230260;0.232582;0.229838;0.228943,227.96066995461783,worker_09,ok
22,init,-1,1.093713089684715,2.965649264160814,300.0,0.26942977599637413,4.059362353845529,1018.6351491037311,0.2427619244640044,0.3585275791038311,3.6975550091960647,0.23592202623022523,0.3516876808700527,0.338254;0.351137;0.354526;0.355993;0.358528,0.222489;0.235372;0.238760;0.240228;0.242762,229.51735084056855,worker_22,ok
10,init,-1,1.286472456862535,3.403110538190207,300.0,0.27432555479233317,4.689582995052742,1010.338614174698,0.23813808931443484,0.3534123742158255,3.6818606597504178,0.23424448455597982,0.3495187694573715,0.339649;0.349868;0.350393;0.354271;0.353412,0.224374;0.234594;0.235119;0.238997;0.238138,231.7962358355522,worker_10,ok
36,init,-1,1.7423180316909905,4.877196053785145,300.0,0.2632093548246702,6.619514085476135,1118.9547208814477,0.22758355192936697,0.3422487331154438,3.662405887083294,0.2246069819104294,0.33927216309650615,0.333756;0.341425;0.339982;0.338948;0.342249,0.219091;0.226760;0.225317;0.224283;0.227584,234.89492131471633,worker_36,ok
5,init,-1,1.0,4.0,300.0,0.2,5.0,1298.7856565216982,0.2234644484415205,0.3419330484876934,3.783887085474763,0.2208089438971153,0.3392775439432877,0.329893;0.340305;0.342758;0.341499;0.341933,0.211424;0.221837;0.224289;0.223030;0.223464,244.19609289566677,worker_05,ok
50,bo,-1,1.0,0.1,300.0,0.9090909090909091,1.1,329.10302759971887,0.2806264733542481,0.3982373457123716,3.7564912631184653,0.2733971944054943,0.39100806676361816,0.365795;0.394358;0.397913;0.398736;0.398237,0.248184;0.276748;0.280302;0.281125;0.280626,188.56145055691402,worker_24,ok
44,bo,-1,1.9034777136692975,0.6227735291764175,300.0,0.7534791794996252,2.526251242845715,394.4597150013335,0.27825341396867725,0.39450154553657385,3.7129653222786176,0.26902168313840813,0.3852698147063051,0.355894;0.387772;0.394469;0.393713;0.394502,0.239645;0.271524;0.278221;0.277465;0.278253,197.08635890086492,worker_23,ok
53,bo,-1,4.010508293117917,0.4637260554967393,300.0,0.8963563328683664,4.474234348614656,329.3653134025154,0.2894671107734141,0.4062446295225743,3.7298739488481765,0.2832758227612616,0.4000533415104218,0.372457;0.403305;0.411118;0.407143;0.406245,0.255679;0.286527;0.294340;0.290365;0.289467,191.8928331096967,worker_27,ok
51,bo,-1,4.849546186658911,0.5247029796481328,300.0,0.9023672026712736,5.3742491663070435,326.3357415923866,0.292801269193225,0.4095797262074346,3.7299039170338535,0.2836646545690181,0.40044311158322776,0.369805;0.404036;0.409150;0.409645;0.409580,0.253026;0.287257;0.292372;0.292867;0.292801,194.06727131207785,worker_01,ok
49,bo,-1,1.08,0.0,300.0,1.0,1.08,300.0,0.24415592173933398,0.36126206988859016,3.7403703718872428,0.24334291939401984,0.3604490675432761,0.358216;0.360538;0.361027;0.361201;0.361262,0.241110;0.243432;0.243921;0.244095;0.244156,194.57718208233516,worker_15,ok
58,bo,-1,4.557334664804662,0.36802601755059894,300.0,0.9252793772303773,4.925360682355261,322.8440543083348,0.29056811916049125,0.4074487012142568,3.7331657907972726,0.2819073039374625,0.3987878859912281,0.369242;0.402563;0.407209;0.407477;0.407449,0.252361;0.285682;0.290328;0.290597;0.290568,192.49140739043554,worker_19,ok
59,bo,-1,4.5373843889948535,0.27581093356532305,300.0,0.9426969164802943,4.813195322560176,316.7985042389107,0.27876520450105635,0.3957491437244237,3.7364670187943534,0.2722259863529296,0.38920992557629697,0.366984;0.392367;0.395276;0.395674;0.395749,0.250000;0.275383;0.278292;0.278690;0.278765,192.38095697959264,worker_07,ok
47,bo,-1,1.0,0.2,300.0,0.8333333333333334,1.2,357.7813396692379,0.29200128559671495,0.409222987826586,3.7440611692220815,0.2819737827218266,0.3991954849516976,0.367488;0.404236;0.406935;0.408096;0.409223,0.250266;0.287014;0.289713;0.290874;0.292001,195.94826543331146,worker_25,ok
57,bo,-1,4.554956066736625,0.050336712362810676,300.0,0.9890698127616863,4.605292779099436,302.93068039904506,0.24424189954599995,0.3614739676576852,3.7443922554872273,0.24202145649099432,0.3592535246026797,0.351567;0.360556;0.361168;0.361503;0.361474,0.234335;0.243324;0.243935;0.244271;0.244242,193.91531256039937,worker_00,ok
48,bo,-1,1.0,0.0,300.0,1.0,1.0,300.0,0.24415592173933398,0.36126206988859016,3.7403703718872428,0.24334291939401984,0.3604490675432761,0.358216;0.360538;0.361027;0.361201;0.361262,0.241110;0.243432;0.243921;0.244095;0.244156,195.92470685243606,worker_35,ok
56,bo,-1,4.391510206040609,0.4312715634684372,300.0,0.9105761811170776,4.822781769509046,327.1242100402548,0.28892757109555584,0.40574491074599667,3.7311458284350802,0.281715953619455,0.3985332932698958,0.370314;0.404959;0.407977;0.403672;0.405745,0.253497;0.288141;0.291159;0.286854;0.288928,194.4182276884715,worker_04,ok
60,bo,-1,4.566873960789657,0.177641182930523,300.0,0.9625586224199014,4.74451514372018,310.6095734836146,0.28453393108396247,0.40162467435397087,3.7398783400440685,0.2771505779683944,0.3942413212384027,0.369132;0.397890;0.401134;0.401426;0.401625,0.252041;0.280799;0.284043;0.284335;0.284534,193.452652323246,worker_26,ok
52,bo,-1,4.934918190571459,0.46958730175993113,300.0,0.9131118837003233,5.40450549233139,323.3544405618437,0.2927428679281924,0.40956319638332656,3.7312412908569854,0.28437665004876733,0.40119697850390157,0.370062;0.407295;0.408815;0.410250;0.409563,0.253242;0.290475;0.291995;0.293429;0.292743,195.88691826264065,worker_12,ok
62,bo,-1,3.690543484061155,0.2984693111574377,300.0,0.9251771487132866,3.989012795218593,322.1846928586878,0.28297434819114453,0.39992595787842417,3.7354344134117112,0.27760470480483124,0.3945563144921109,0.373351;0.399871;0.399754;0.399881;0.399926,0.256399;0.282919;0.282802;0.282929;0.282974,192.86224830547968,worker_32,ok
55,bo,-1,4.309634515194162,0.48062953949252807,300.0,0.8996653349365384,4.79026405468669,330.54421018545656,0.29178343445397026,0.40853448828511496,3.729028659366762,0.2837179988328,0.40046905266394467,0.371855;0.406226;0.407921;0.407808;0.408534,0.255104;0.289475;0.291170;0.291056;0.291783,195.53080450693767,worker_40,ok
54,bo,-1,4.098772375152574,0.4509275396790857,300.0,0.9008885095456302,4.54969991483166,328.478073681604,0.29438887537932273,0.41117650896142066,3.730197016612208,0.2847418200347789,0.4015294536168768,0.370802;0.405030;0.411376;0.409263;0.411177,0.254015;0.288242;0.294588;0.292475;0.294389,196.276951110363,worker_02,ok
61,bo,-1,4.560042769322314,0.44537128249067637,300.0,0.9110220897051744,5.0054140518129895,328.096393901735,0.2980258155531035,0.4148179503223969,3.7303407845312315,0.28683124168643925,0.403623376455733,0.369469;0.409660;0.411772;0.412398;0.414818,0.252677;0.292868;0.294979;0.295606;0.298026,194.17981690963109,worker_37,ok
65,bo,-1,3.88,0.3,300.0,0.9282296650717704,4.18,322.3102333519238,0.28342244345305345,0.4003536443948376,3.7347825580805862,0.2771313332232331,0.39406253416501724,0.371443;0.398089;0.400090;0.400338;0.400354,0.254511;0.281157;0.283159;0.283407;0.283422,193.21585926612218,worker_28,ok
64,bo,-1,3.62562178991592,0.24069752898298713,300.0,0.9377450466115314,3.866319318898907,317.63900182139616,0.28260688931873246,0.3996282069092852,3.7376608838422545,0.27633789740569625,0.3933592149962488,0.368415;0.399261;0.399817;0.399674;0.399628,0.251394;0.282240;0.282796;0.282653;0.282607,193.9683466434479,worker_13,ok
46,bo,-1,3.2163620086930713,4.0485538795638885,300.0,0.44272529209760186,7.26491588825696,606.2697821837039,0.24185658872880622,0.35616678867718415,3.6510677863511916,0.23788907637346773,0.35219927632184567,0.338508;0.354188;0.357022;0.355111;0.356167,0.224198;0.239878;0.242712;0.240801;0.241857,200.0170074780782,worker_03,ok
63,bo,-1,3.7816363758913045,0.24520511554417035,300.0,0.9391073336098064,4.026841491435475,317.98853480812653,0.2827035922320128,0.3997016472984569,3.736917878822226,0.2765387517252905,0.39353680679173475,0.369720;0.398537;0.399855;0.399870;0.399702,0.252722;0.281539;0.282857;0.282872;0.282704,194.7762155453364,worker_06,ok
68,bo,-1,4.24870426702628,0.4215951408628188,300.0,0.9097284554924556,4.670299407889099,326.4605943775959,0.2881222234801326,0.4049437586455282,3.731279833182735,0.2826612361843108,0.39948277134970633,0.372830;0.406794;0.406262;0.406585;0.404944,0.256008;0.289972;0.289440;0.289763;0.288122,193.11039617061616,worker_39,ok
66,bo,-1,3.703561450591423,0.20500662908509049,300.0,0.9475494286127268,3.908568079676513,314.8937409249935,0.2875174667782028,0.40457728553869876,3.738890611210242,0.27896511206727737,0.39602493082777335,0.368139;0.399091;0.403827;0.404490;0.404577,0.251079;0.282031;0.286767;0.287430;0.287517,193.32039713462194,worker_29,ok
67,bo,-1,3.808570377659361,0.3200544201114369,300.0,0.9224791702350268,4.128624797770798,323.90918122893174,0.2824078431033098,0.3993112062748527,3.7338934196990814,0.2776309221784993,0.3945342853500423,0.375317;0.399579;0.399245;0.399219;0.399311,0.258414;0.282676;0.282342;0.282315;0.282408,193.9083631157875,worker_34,ok
71,bo,-1,3.48,0.3,300.0,0.9206349206349207,3.78,322.3083521614076,0.28332201504316823,0.40025482635204895,3.73483399320565,0.2772763674532892,0.3942091787621699,0.372442;0.398237;0.399936;0.400176;0.400255,0.255509;0.281305;0.283003;0.283243;0.283322,193.54326719840367,worker_17,ok
69,bo,-1,3.9367002666428994,0.33863984003884406,300.0,0.9207923038661653,4.275340106681743,325.4250942171895,0.2815662225454189,0.39845021355617727,3.733274672883623,0.275129908083262,0.3920138990940204,0.369342;0.395617;0.398232;0.398428;0.398450,0.252458;0.278733;0.281348;0.281544;0.281566,194.12712314128876,worker_31,ok
73,bo,-1,3.56,0.3,300.0,0.922279792746114,3.86,322.3081811451766,0.2829423416564706,0.39987460529985647,3.734816500769746,0.2772255706068597,0.39415783425024575,0.372336;0.398863;0.399724;0.399992;0.399875,0.255403;0.281930;0.282792;0.283060;0.282942,193.73231149117152,worker_42,ok
45,bo,-1,2.1533230280303104,2.930615324063664,300.0,0.4235541186575166,5.083938352093974,687.2231870950168,0.24576828680974777,0.36084531246261714,3.6755601993526477,0.24251512687078697,0.35759215252365606,0.346576;0.360160;0.359912;0.360467;0.360845,0.231499;0.245083;0.244835;0.245390;0.245768,207.31998130083085,worker_14,ok
70,bo,-1,3.848400867061409,0.23567768751164175,300.0,0.9422935469133553,4.0840785545730505,317.25014456899805,0.28257126522827286,0.39960715082256104,3.738126185881564,0.27587422651851623,0.3929101121128046,0.368920;0.397024;0.399335;0.399666;0.399607,0.251884;0.279988;0.282299;0.282630;0.282571,195.53617053031923,worker_20,ok
75,bo,-1,3.636586275739363,0.33446535475776085,300.0,0.9157741107697736,3.971051630497124,325.08754743680834,0.2824491169124624,0.39934594424629993,3.733684665042771,0.27962001734337893,0.3965168446772163,0.374155;0.405197;0.403082;0.400804;0.399346,0.257258;0.288300;0.286185;0.283907;0.282449,193.93916477362316,worker_41,ok
74,bo,-1,3.4,0.3,300.0,0.918918918918919,3.6999999999999997,326.3528276124905,0.2877389227722844,0.40465019220612186,3.7341459457167683,0.28042914710995437,0.3973404165437917,0.371621;0.402899;0.404667;0.402865;0.404650,0.254710;0.285987;0.287755;0.285954;0.287739,194.21736590067545,worker_38,ok
76,bo,-1,5.0,1.6,300.0,0.7575757575757576,6.6,390.0343730592463,0.27417326476182907,0.38984303513648444,3.6944924657664924,0.2679848347925181,0.38365460516717337,0.361058;0.387408;0.389996;0.389968;0.389843,0.245388;0.271738;0.274327;0.274298;0.274173,194.64772184292477,worker_43,ok
72,bo,-1,1.0,0.5,300.0,0.6666666666666666,1.5,445.6597074051041,0.2796376379944341,0.39615110362839256,3.721440092348633,0.2687330691005363,0.3852465347344946,0.355000;0.387455;0.392493;0.395134;0.396151,0.238486;0.270941;0.275980;0.278620;0.279638,197.0189152042071,worker_18,ok
77,bo,-1,1.0,0.7000000000000001,300.0,0.588235294117647,1.7000000000000002,503.1423329351584,0.26588628262259606,0.38216903877192543,3.71407123140958,0.2541955418712872,0.37047829802061627,0.345336;0.364732;0.379121;0.381034;0.382169,0.229053;0.248449;0.262838;0.264752;0.265886,193.11445434888205,worker_16,ok
78,bo,-1,2.8804608447670375,0.4965033340204078,300.0,0.8529734673707182,3.3769641787874454,346.2778097082824,0.2898387167355725,0.40643690325715964,3.7241460774994932,0.2797346103755832,0.3963327968971705,0.367255;0.399910;0.404449;0.403614;0.406437,0.250657;0.283312;0.287850;0.287015;0.289839,194.10156534910203,worker_21,ok
79,bo,-1,2.9936207895474736,0.5008771765707631,300.0,0.8566669142671878,3.494497966118237,346.7473650998983,0.2878447223125128,0.4044677474525829,3.7249394229738404,0.2807182848711117,0.3973413100111819,0.370232;0.403506;0.403387;0.405114;0.404468,0.253609;0.286883;0.286764;0.288491;0.287845,194.21550464232763,worker_30,ok
80,bo,-1,5.0,0.7000000000000001,300.0,0.8771929824561403,5.7,336.1983073997153,0.27788252105554917,0.39449715193412455,3.724671310261698,0.2706476900173019,0.38726232089587725,0.363677;0.389664;0.394045;0.394429;0.394497,0.247062;0.273050;0.277430;0.277814;0.277883,190.65604838530223,worker_33,ok
81,bo,-1,5.0,1.3,300.0,0.7936507936507937,6.3,374.9786677552102,0.27515622898548536,0.39124581342940534,3.7079013271388037,0.26907787007228073,0.3851674545162007,0.363387;0.389007;0.390991;0.391207;0.391246,0.247298;0.272917;0.274901;0.275117;0.275156,195.5886009176572,worker_11,ok
82,bo,-1,2.76,0.5,300.0,0.8466257668711656,3.26,353.2983412779807,0.2814351449646781,0.3977960060004768,3.716565901483412,0.2766981243111014,0.3930589853469003,0.364395;0.395248;0.404705;0.403150;0.397796,0.248035;0.278888;0.288344;0.286789;0.281435,194.90233973662058,worker_08,ok
83,bo,-1,1.052980683165012,0.44121622716809417,300.0,0.7047134657307433,1.494196910333106,421.59537647130287,0.275199843996769,0.39179636098649584,3.7240927526518752,0.27062603256910317,0.38722254955882957,0.360450;0.391823;0.396526;0.395518;0.391796,0.243853;0.275227;0.279929;0.278921;0.275200,196.51373672882715,worker_09,ok
84,bo,-1,5.0,1.9,300.0,0.7246376811594203,6.9,390.03418285327206,0.2761318380318483,0.3918007170269112,3.6944639951023084,0.2685469019619739,0.3842157809570369,0.359113;0.386473;0.391723;0.391969;0.391801,0.243444;0.270804;0.276054;0.276300;0.276132,195.5536937157313,worker_22,ok
85,bo,-1,3.08,0.5,300.0,0.8603351955307262,3.58,346.65224752816846,0.29007510549256216,0.40668687250622176,3.7245798384162874,0.2805338024075513,0.397145569421211,0.371745;0.400403;0.401985;0.404908;0.406687,0.255134;0.283791;0.285373;0.288296;0.290075,195.40248725414276,worker_10,ok
86,bo,-1,1.0,0.6,300.0,0.625,1.6,475.5333870754343,0.2724871522614781,0.3888659393732064,3.7171384603486017,0.26357266762351,0.3799514547352386,0.351593;0.380649;0.387759;0.390891;0.388866,0.235214;0.264270;0.271381;0.274512;0.272487,196.82738131284714,worker_36,ok
87,bo,-1,4.930076536347135,0.6864619136014266,300.0,0.8777784716122234,5.616538449948562,335.4175767736417,0.2780165909561274,0.3946465346990851,3.7251604031500705,0.27081372761758915,0.38744367136054697,0.363963;0.389899;0.394110;0.394600;0.394647,0.247333;0.273269;0.277480;0.277970;0.278017,193.53138949076336,worker_05,ok
89,bo,-1,5.0,0.8,300.0,0.8620689655172414,5.8,342.09299707020296,0.27708318237335944,0.39360711006984683,3.721774250625807,0.27043510650400093,0.3869590342004883,0.364058;0.390133;0.393418;0.393579;0.393607,0.247534;0.273609;0.276894;0.277055;0.277083,193.10880582729976,worker_23,ok
88,bo,-1,1.0784948007671704,0.5106154796431017,300.0,0.6786783863035154,1.5891102804102721,437.4126856340967,0.27969350507115537,0.3961434762945012,3.719412080873666,0.26990184241979676,0.3863518136431422,0.356989;0.388619;0.395881;0.394127;0.396143,0.240539;0.272169;0.279431;0.277677;0.279694,195.76869206825893,worker_24,ok
92,bo,-1,5.0,0.5,300.0,0.9090909090909091,5.5,324.99518988427076,0.2916862280630832,0.40848369138564905,3.730510978522753,0.2831644842055722,0.3999619475281381,0.369639;0.403041;0.409629;0.409017;0.408484,0.252841;0.286244;0.292832;0.292219;0.291686,192.02825343608856,worker_15,ok
90,bo,-1,5.0,0.6,300.0,0.8928571428571429,5.6,330.4996575890485,0.28191062401510064,0.39861554599065696,3.7275552078992686,0.27540100528516076,0.3921059272607172,0.363491;0.396958;0.398222;0.403243;0.398616,0.246786;0.280253;0.281517;0.286538;0.281911,194.92412567536036,worker_27,ok
93,bo,-1,5.0,0.4,300.0,0.9259259259259258,5.4,319.6662702257797,0.29370305835892796,0.41059210890596987,3.733436274472518,0.28455020624228733,0.40143925678932924,0.369333;0.405503;0.410914;0.410854;0.410592,0.252444;0.288614;0.294025;0.293965;0.293703,193.25119632085165,worker_19,ok
109,bo,-1,5.0,5.0,300.0,0.5,10.0,520.0185693052504,0.23723619265079715,0.3517700958625202,3.6582128685824347,0.2389322604136082,0.35346616362533123,0.341471;0.355666;0.356702;0.361721;0.351770,0.226938;0.241132;0.242168;0.247188;0.237236,188.8277734676997,worker_39,ok
95,bo,-1,2.0113007768899243,0.1849860670902198,300.0,0.9157732663211763,2.196286843980144,325.4674437052934,0.28955325680159905,0.4066603038448133,3.7403990825602627,0.28121530634488356,0.39832235338809774,0.371202;0.403267;0.404102;0.406380;0.406660,0.254095;0.286160;0.286995;0.289273;0.289553,193.41008192300797,worker_25,ok
98,bo,-1,2.3600000000000003,0.2,300.0,0.9218750000000001,2.56,324.99316277043624,0.2916743282542586,0.4087412057822278,3.7391160682433364,0.2831377931165183,0.4002046706444875,0.371992;0.405418;0.406973;0.407899;0.408741,0.254925;0.288351;0.289906;0.290832;0.291674,192.97780012289684,worker_04,ok
91,bo,-1,4.92,0.6,300.0,0.891304347826087,5.52,330.4947297013438,0.28030558312466275,0.397009082029187,3.7275097550105043,0.27510116902041826,0.39180466792494245,0.362786;0.397982;0.396913;0.404334;0.397009,0.246082;0.281279;0.280209;0.287630;0.280306,195.72446978489558,worker_01,ok
100,bo,-1,2.504860160979597,0.18583972194804732,300.0,0.9309325714371971,2.6906998829276443,320.6237007588936,0.2792246858768006,0.39631356273441876,3.7398187268323237,0.27243913924419716,0.3895280161018154,0.365992;0.393051;0.396037;0.396247;0.396314,0.248903;0.275962;0.278948;0.279158;0.279225,193.44668547312418,worker_12,ok
99,bo,-1,2.2101138160954767,0.18318206914896107,300.0,0.9234603333928132,2.393295885244438,322.7315704178431,0.29008370028513386,0.4071873566292859,3.7402907836322155,0.2811396853934477,0.3982433417375998,0.371164;0.402608;0.404236;0.406021;0.407187,0.254060;0.285504;0.287132;0.288918;0.290084,194.43733675877255,worker_26,ok
94,bo,-1,1.014181184883443,0.37919460246834347,300.0,0.7278590557476021,1.3933757873517865,406.75468096461736,0.2806616322234231,0.397372813723838,3.7277551371232516,0.27280473008680756,0.3895159115872225,0.362552;0.391627;0.398106;0.397921;0.397373,0.245841;0.274916;0.281395;0.281210;0.280662,195.90452933311462,worker_07,ok
101,bo,-1,2.1352450146786746,0.16988061572529356,300.0,0.9263030988486635,2.305125630403968,323.22527551110926,0.2881985160350278,0.4053380504878831,3.7414367304241973,0.2805802871113042,0.39771982156415975,0.370304;0.402626;0.403571;0.406760;0.405338,0.253164;0.285487;0.286432;0.289620;0.288199,193.84723097483317,worker_32,ok
103,bo,-1,2.6288460172615524,0.18862065877456646,300.0,0.9330531003688973,2.817466676036119,320.9501373929439,0.2785537313116324,0.39564730842293633,3.7399688529350463,0.2717519348741306,0.38884551198543443,0.365874;0.391649;0.394860;0.396197;0.395647,0.248781;0.274556;0.277766;0.279103;0.278554,193.2432590285937,worker_02,ok
97,bo,-1,2.4287803940049355,0.19138661272106783,300.0,0.926956330558405,2.6201670067260032,321.27627246721784,0.2833770921236677,0.4004604584289187,3.7396427197897175,0.2763772670643002,0.39346063336955117,0.367606;0.398274;0.400432;0.400531;0.400460,0.250522;0.281190;0.283349;0.283448;0.283377,195.40484045743943,worker_35,ok
96,bo,-1,1.7122641532626584,0.26199109894891437,300.0,0.8672962380850042,1.9742552522115728,345.21150850739355,0.2927559995309085,0.40968862865551964,3.7348281742400817,0.2822303011043467,0.399162930228958,0.371849;0.402355;0.404539;0.407383;0.409689,0.254916;0.285423;0.287607;0.290450;0.292756,196.5557132045428,worker_00,ok
110,bo,-1,1.1594584253290505,0.8584824061453794,300.0,0.5745750357218748,2.01794083147443,517.4978093650144,0.2624880577430862,0.3781144039074517,3.6931054964898347,0.25457754027008134,0.37020388643444735,0.344425;0.370650;0.377760;0.380070;0.378114,0.228799;0.255024;0.262134;0.264443;0.262488,193.75856807231904,worker_29,ok
102,bo,-1,1.9321080777642892,0.180463277270268,300.0,0.9145764819539948,2.1125713550345573,327.2491080022122,0.2937675988393628,0.41088993109091243,3.7408872921144947,0.2837721809333646,0.4008945131849143,0.369806;0.403788;0.409145;0.410843;0.410890,0.252684;0.286666;0.292023;0.293721;0.293768,196.64287305672963,worker_40,ok
113,bo,-1,1.08,0.2,300.0,0.84375,1.28,354.53038343781964,0.2896954596420502,0.40688807269824273,3.7431320610147907,0.28215355514054635,0.3993461681967389,0.371289;0.402503;0.406764;0.409287;0.406888,0.254096;0.285311;0.289571;0.292094;0.289695,194.2134863058726,worker_31,ok
105,bo,-1,4.983979298307923,1.7261255021879351,300.0,0.7427572961214586,6.710104800495858,391.2802971261824,0.276138992164095,0.3917930875254496,3.6939918058416668,0.2688587428787617,0.3845128382401164,0.359875;0.387686;0.391429;0.391781;0.391793,0.244221;0.272032;0.275775;0.276127;0.276139,196.49609180291495,worker_28,ok
107,bo,-1,5.0,3.4000000000000004,300.0,0.5952380952380952,8.4,493.5941684545937,0.2501911220281182,0.3652800248338931,3.6759395556164502,0.2451416918966453,0.36023059470242025,0.347074;0.361621;0.370665;0.356513;0.365280,0.231985;0.246532;0.255576;0.241424;0.250191,197.34697874387106,worker_03,ok
106,bo,-1,4.984555666115641,1.4537161709100137,300.0,0.774207084182143,6.438271837025654,386.39531740310025,0.274942909306304,0.3909054733492931,3.703844295533072,0.26810720956118284,0.384069773604172,0.362109;0.387246;0.389842;0.390247;0.390905,0.246146;0.271283;0.273880;0.274284;0.274943,197.54951663414639,worker_13,ok
115,bo,-1,1.021790762234653,0.2791219544216772,300.0,0.7854414436511236,1.3009127166563301,381.7146854515639,0.2843017424617939,0.4010340725803209,3.728430623985753,0.2754276381459371,0.39215996826446414,0.363403;0.392830;0.400609;0.402923;0.401034,0.246671;0.276098;0.283877;0.286191;0.284302,194.87074078321456,worker_14,ok
111,bo,-1,5.0,2.9,300.0,0.6329113924050632,7.9,450.80952522536643,0.26622855170244303,0.38156636443847763,3.683889738788945,0.2602182101522538,0.37555602288828827,0.354453;0.378415;0.381630;0.381716;0.381566,0.239115;0.263077;0.266292;0.266378;0.266229,197.3138243317604,worker_34,ok
104,bo,-1,1.0,1.0,300.0,0.5,2.0,599.9999999999997,0.2527446236701799,0.368413641268884,3.694468422102607,0.24737155315430184,0.3630405707530059,0.341711;0.365348;0.371216;0.368514;0.368414,0.226042;0.249679;0.255547;0.252845;0.252745,199.64078950484594,worker_37,ok
122,bo,-1,5.0,3.7,300.0,0.574712643678161,8.7,520.0182311968028,0.24457953743316213,0.3591159632134344,3.6582934394218976,0.2417439935847078,0.3562804193649801,0.345336;0.357847;0.359803;0.359300;0.359116,0.230800;0.243311;0.245267;0.244763;0.244580,186.816091132164,worker_21,ok
119,bo,-1,4.76462253988587,0.4802806043824037,300.0,0.9084290803525583,5.2449031442682745,327.4495737395335,0.2871205893775557,0.40372569768007505,3.724367159182468,0.28252067414319665,0.3991257824457161,0.371447;0.407058;0.410353;0.403045;0.403726,0.254842;0.290453;0.293748;0.286440;0.287121,195.10365906159083,worker_43,ok
114,bo,-1,4.985190642816812,2.235794759207635,300.0,0.69037539411438,7.220985402024446,404.2647757460821,0.2706244496494516,0.38633782667873223,3.6958852623152234,0.2644933949072133,0.3802067719364939,0.357479;0.383471;0.387295;0.386450;0.386338,0.241766;0.267758;0.271582;0.270737;0.270624,197.87395404577256,worker_42,ok
120,bo,-1,1.1782909700431206,0.17632916535122722,300.0,0.8698312827751555,1.354620135394348,344.36292576254186,0.2907038596279647,0.40794311835027913,3.744621923590723,0.2812896211451811,0.3985288798674952,0.368957;0.401661;0.405677;0.408406;0.407943,0.251718;0.284422;0.288437;0.291167;0.290704,195.14940824508668,worker_18,ok
116,bo,-1,5.0,2.7,300.0,0.6493506493506493,7.7,435.70555645341443,0.26788942003045474,0.3833380359377551,3.687428792079175,0.26232953591478586,0.3777781518220863,0.358731;0.380609;0.382950;0.383263;0.383338,0.243283;0.265161;0.267501;0.267814;0.267889,197.89087362289428,worker_20,ok
118,bo,-1,5.0,2.0,300.0,0.7142857142857143,7.0,389.97123486746557,0.271759862521146,0.38762703419414823,3.7007974632356926,0.2652128041442758,0.3810799758172781,0.357845;0.384653;0.387812;0.387463;0.387627,0.241978;0.268786;0.271945;0.271596;0.271760,197.68208970228832,worker_38,ok
117,bo,-1,5.0,3.2,300.0,0.6097560975609757,8.2,475.54151586538114,0.26743181209657163,0.3826164322882678,3.678996768922775,0.2579382267538466,0.37312284694554265,0.345450;0.373809;0.381669;0.382071;0.382616,0.230265;0.258624;0.266484;0.266886;0.267432,201.1862021247546,worker_41,ok
121,bo,-1,4.040727220501115,0.5396921076585737,300.0,0.882174082983924,4.580419328159689,334.73209238540363,0.29185248720486257,0.40854086564391817,3.7270268073434356,0.28437554888949457,0.4010639273285501,0.371936;0.405697;0.407556;0.411589;0.408541,0.255248;0.289009;0.290868;0.294901;0.291852,195.51330372492473,worker_16,ok
112,bo,-1,1.007739619426678,1.373565277549607,300.0,0.4231879843300527,2.381304896976285,703.6146202166841,0.25088703496720993,0.3664684616430358,3.6916707680258787,0.2464224061842296,0.36200383286005544,0.338760;0.366835;0.368207;0.369749;0.366468,0.223178;0.251254;0.252625;0.254167;0.250887,209.43142102956773,worker_17,ok
123,bo,-1,2.2848360073915672,0.14832014013655637,300.0,0.9390420790349865,2.4331561475281234,318.1429876144131,0.2858577494334711,0.403038076262275,3.7427396389119965,0.278880003708926,0.3960603305377298,0.371379;0.400288;0.401784;0.403812;0.403038,0.254199;0.283108;0.284604;0.286632;0.285858,192.816199417909,worker_30,ok
124,bo,-1,5.0,0.8999999999999999,300.0,0.847457627118644,5.9,348.2019362256707,0.2762025278046732,0.39263799139429506,3.718948707052522,0.2696855378986785,0.38612100148830025,0.363120;0.389754;0.392415;0.392678;0.392638,0.246684;0.273319;0.275980;0.276242;0.276203,194.9394644101461,worker_33,ok
125,bo,-1,5.0,4.6000000000000005,300.0,0.5208333333333333,9.600000000000001,520.01854112953,0.24453535188683462,0.3590699996587441,3.6582366498347887,0.23893694484130173,0.353471592613211,0.342228;0.350313;0.358234;0.357513;0.359070,0.227694;0.235779;0.243699;0.242978;0.244535,189.00370851357778,worker_11,ok
126,bo,-1,4.834510693706782,0.44982573274910786,300.0,0.914875644461797,5.28433642645589,322.7169110193213,0.2941814472381435,0.4108861804114138,3.7275491775542537,0.28462559917437086,0.40133033234764115,0.370408;0.404182;0.410043;0.411133;0.410886,0.253703;0.287477;0.293339;0.294428;0.294181,196.16656145652135,worker_08,ok
128,bo,-1,4.68,0.5,300.0,0.9034749034749034,5.18,331.90543724433,0.29578808816581026,0.4125177871336744,3.728346585033579,0.2868936667537434,0.4036233657216076,0.371721;0.407443;0.412535;0.413900;0.412518,0.254991;0.290713;0.295806;0.297170;0.295788,195.6936706384023,worker_22,ok
108,bo,-1,1.0,2.3000000000000003,300.0,0.303030303030303,3.3000000000000003,974.8405889428307,0.24623535902271523,0.3621961693830286,3.70378828290841,0.2419132611673287,0.3578740715276416,0.343066;0.360187;0.361697;0.362224;0.362196,0.227105;0.244227;0.245736;0.246263;0.246235,228.21492884953815,worker_06,ok
127,bo,-1,1.3192259044902324,0.22274199443158615,300.0,0.8555469315623674,1.5419678989218184,347.85766323074876,0.28860017386805303,0.40548339571413355,3.7332501057638114,0.28129291813113727,0.398176139977218,0.368709;0.401797;0.406413;0.408478;0.405483,0.251826;0.284914;0.289530;0.291594;0.288600,197.40090080897014,worker_09,ok
129,bo,-1,1.1383469319071695,0.25411739262214184,300.0,0.8175052759731996,1.3924643245293113,364.02580563659575,0.28494570769484556,0.40194423239357957,3.7369328788775644,0.2785103927653767,0.39550891746411104,0.366291;0.399094;0.404344;0.405872;0.401944,0.249292;0.282095;0.287345;0.288874;0.284946,195.55363682508468,worker_10,ok
130,bo,-1,1.24,0.2,300.0,0.8611111111111112,1.44,348.204773576305,0.2926351019058529,0.4097864379143046,3.7418136721099473,0.28347953826256167,0.40063087427101357,0.373960;0.403167;0.408482;0.407759;0.409786,0.256808;0.286016;0.291331;0.290607;0.292635,195.0328801592191,worker_36,ok
131,bo,-1,4.4399999999999995,0.5,300.0,0.8987854251012146,4.9399999999999995,331.90616495090404,0.29383008448272935,0.41056118406312075,3.7283913205977015,0.2827100655162598,0.3994411650966511,0.369932;0.405185;0.402765;0.408763;0.410561,0.253200;0.288454;0.286034;0.292032;0.293830,192.1242890993754,worker_05,ok
132,bo,-1,4.614420516770655,0.4981503207557675,300.0,0.9025636345027576,5.112570837526422,331.7760972033954,0.2968699510880324,0.4136085894823958,3.728632110315968,0.2873411902209096,0.404079828615273,0.369227;0.410266;0.413829;0.413469;0.413609,0.252488;0.293527;0.297091;0.296730;0.296870,195.44925071398418,worker_23,ok
133,bo,-1,1.768285993506884,0.2245579376616158,300.0,0.8873178505604568,1.9928439311684998,337.9334394504788,0.2948520443294026,0.411882619238981,3.7379565626119353,0.2843777833714169,0.40140835828099525,0.373932;0.406029;0.406290;0.408908;0.411883,0.256902;0.288998;0.289259;0.291878;0.294852,195.83724749883015,worker_24,ok
139,bo,-1,1.3111946253183433,0.14785183819768566,300.0,0.8986654353409758,1.459046463516029,332.0964891044398,0.2841638560141192,0.4014561108513339,3.7463146195006383,0.2758387115351126,0.39313096637232753,0.367578;0.397237;0.396273;0.403111;0.401456,0.250286;0.279945;0.278980;0.285819;0.284164,192.80783371130624,worker_04,ok
138,bo,-1,4.453051730194954,0.42418574853210045,300.0,0.9130274565505037,4.8772374787270545,326.63920037473537,0.2897354212949167,0.40654916908213684,3.7310311043238116,0.28323434169717165,0.40004808948439174,0.371560;0.410066;0.406261;0.405804;0.406549,0.254746;0.293252;0.289448;0.288990;0.289735,193.67012917995453,worker_25,ok
136,bo,-1,4.88726487906751,0.3926667633111913,300.0,0.9256303319990923,5.279931642378702,319.27752270331143,0.29412582340442694,0.41101386121369377,3.733403927627983,0.28554788533606834,0.40243592314533505,0.370672;0.407950;0.411244;0.411300;0.411014,0.253784;0.291062;0.294356;0.294412;0.294126,194.64797325531643,worker_19,ok
137,bo,-1,4.710391689807239,0.4352850879454856,300.0,0.9154076117203016,5.145676777752725,327.39899240222763,0.2974663267278444,0.4142631292485367,3.730489872510912,0.28740215578883194,0.4041989583095241,0.371082;0.409819;0.412312;0.413520;0.414263,0.254285;0.293022;0.295515;0.296723;0.297466,194.7911712884903,worker_39,ok
135,bo,-1,3.3005896764920637,0.42905488897995503,300.0,0.884960917468645,3.729644565472019,337.6387715387717,0.283923352614894,0.40046020607607413,3.722187099550093,0.27950886375769,0.3960457172188702,0.370439;0.399516;0.403443;0.406371;0.400460,0.253902;0.282979;0.286906;0.289834;0.283923,195.6682839433352,worker_27,ok
142,bo,-1,1.08,0.3,300.0,0.782608695652174,1.3800000000000001,380.15321676616367,0.2793609127233404,0.3960461017985822,3.726924939063223,0.2748119021465737,0.39149709122181553,0.362137;0.399079;0.399907;0.400317;0.396046,0.245452;0.282393;0.283221;0.283632;0.279361,193.9350587805112,worker_26,ok
141,bo,-1,5.0,1.2,300.0,0.8064516129032258,6.2,367.9034944085387,0.27513217837778653,0.3913058799551165,3.71058802837992,0.2689580792797047,0.3851317808570346,0.362732;0.389065;0.391188;0.391369;0.391306,0.246558;0.272891;0.275014;0.275195;0.275132,195.32576301892598,worker_12,ok
146,bo,-1,4.164924142116791,0.43777447687187887,300.0,0.904887433848956,4.60269861898867,327.57522778786813,0.2914241317178104,0.4082400940246169,3.731101836079401,0.2839517695270716,0.4007677318338782,0.373752;0.406466;0.408403;0.406979;0.408240,0.256936;0.289650;0.291587;0.290163;0.291424,194.88665251334507,worker_35,ok
147,bo,-1,4.638689511829959,0.42218676274207834,300.0,0.9165783275786998,5.0608762745720375,326.50184547523804,0.29027359238249956,0.4070837403649648,3.730916126559941,0.2865149806888736,0.40332512867133896,0.370796;0.410755;0.413943;0.414049;0.407084,0.253986;0.293945;0.297133;0.297239;0.290274,194.392334651947,worker_00,ok
140,bo,-1,4.787875074216498,0.3999647513524751,300.0,0.9229034116702689,5.1878398255689735,324.99861050827633,0.28453560099823816,0.40137793159479457,3.7319440392540115,0.2801080015457349,0.39695033214229103,0.370028;0.407190;0.401544;0.404611;0.401378,0.253186;0.290347;0.284702;0.287769;0.284536,196.73094268639883,worker_01,ok
134,bo,-1,1.0,1.1,300.0,0.47619047619047616,2.1,609.1834519633943,0.25278887485353585,0.3688945951371992,3.708416705860208,0.24561842770990747,0.36172414799357094,0.337026;0.364530;0.368850;0.369320;0.368895,0.220921;0.248424;0.252744;0.253214;0.252789,201.28117202520372,worker_15,ok
149,bo,-1,1.245806586272896,0.27580116907486407,300.0,0.818743583485594,1.52160775534776,365.96577177090336,0.28601956462643957,0.4029369388103506,3.734340931434118,0.27501355640169717,0.39193093058560824,0.363412;0.398241;0.398907;0.396158;0.402937,0.246495;0.281323;0.281989;0.279240;0.286020,196.8191844145457,worker_40,ok
152,bo,-1,3.468080043154732,0.42470529998438256,300.0,0.8908993785817373,3.8927853431391144,332.59078044729756,0.2889676157859662,0.4057285584033326,3.7293445071986824,0.28063713053497097,0.39739807315233744,0.370438;0.399618;0.406043;0.405163;0.405729,0.253677;0.282857;0.289282;0.288402;0.288968,195.43878951470057,worker_03,ok
154,bo,-1,3.3464906527712754,0.564957613625453,300.0,0.8555630612632649,3.9114482663967287,344.96325864693756,0.28522839327878846,0.40181429100304883,3.7237535733128753,0.27946005207008173,0.39604594979434216,0.368341;0.400924;0.407204;0.401945;0.401814,0.251755;0.284339;0.290618;0.285360;0.285228,195.23423968553544,worker_14,ok
148,bo,-1,5.0,2.4,300.0,0.6756756756756757,7.4,414.854125668866,0.27066473265976276,0.386287183897974,3.692981092548467,0.2650801696616433,0.3807026208998544,0.360250;0.384325;0.386306;0.386345;0.386287,0.244628;0.268702;0.270683;0.270723;0.270665,198.71880140304566,worker_29,ok
150,bo,-1,4.97020793812675,1.0671468735108613,300.0,0.8232426440377782,6.037354811637611,358.91065073409436,0.276639045303287,0.39293284375618687,3.7144239225856235,0.26954768095227066,0.3858414794051706,0.361988;0.389295;0.392539;0.392453;0.392933,0.245694;0.273001;0.276245;0.276159;0.276639,197.47016889254252,worker_31,ok
158,bo,-1,3.046281626871055,0.4086175620201332,300.0,0.8817280795532345,3.454899188891188,337.0722793906691,0.2884898045891131,0.4052446426042272,3.729149526202744,0.27995625184533984,0.39671108986045384,0.370832;0.400275;0.404498;0.402706;0.405245,0.254077;0.283521;0.287743;0.285951;0.288490,193.71676929394405,worker_43,ok
155,bo,-1,3.8093300188873984,0.47040005748909486,300.0,0.8900865126785362,4.279730076376493,336.521540108957,0.29163617838392014,0.4083438028877817,3.727641526653339,0.28404400682448194,0.40075163132834346,0.371547;0.407549;0.404826;0.411493;0.408344,0.254839;0.290841;0.288118;0.294785;0.291636,195.14513522783915,worker_34,ok
151,bo,-1,5.0,1.7999999999999998,300.0,0.7352941176470589,6.8,390.0346108169748,0.275102494288377,0.3907717571779162,3.6944762566918814,0.26820371804995646,0.3838729809394955,0.360023;0.386900;0.390787;0.390883;0.390772,0.244354;0.271231;0.275118;0.275214;0.275102,198.35034294525784,worker_28,ok
157,bo,-1,3.8020838195543045,0.8206285992216555,300.0,0.8224789853055692,4.62271241877596,356.1910385516469,0.28062699604773644,0.39700888852323535,3.7172376456674345,0.27286249257174955,0.38924438504724845,0.362251;0.393438;0.396681;0.396844;0.397009,0.245869;0.277056;0.280299;0.280462;0.280627,195.2096312204997,worker_21,ok
161,bo,-1,4.934842177467059,0.955080295566984,300.0,0.8378450140999906,5.889922473034043,351.6589900243993,0.27457497948788306,0.39096254727972723,3.7174189152715034,0.2681372851406764,0.38452485293252064,0.362615;0.387566;0.390593;0.390887;0.390963,0.246228;0.271179;0.274206;0.274500;0.274575,196.10924624999365,worker_20,ok
164,bo,-1,4.942413442739664,0.36302990722465844,300.0,0.9315740677492863,5.305443349964322,317.7442700907779,0.2875530004152323,0.40447980702927516,3.73464220325253,0.2817230186409712,0.3986498252550141,0.369149;0.404402;0.405259;0.409960;0.404480,0.252222;0.287475;0.288332;0.293033;0.287553,191.8544718503952,worker_16,ok
160,bo,-1,3.24,1.3,300.0,0.7136563876651982,4.54,401.26597961616034,0.27450559002960445,0.3901813378146061,3.6946833842529534,0.26707390340902293,0.38274965119402465,0.357464;0.385992;0.389921;0.390190;0.390181,0.241788;0.270317;0.274245;0.274514;0.274506,197.81932297945022,worker_18,ok
145,bo,-1,1.0018771645045956,1.274873639862265,300.0,0.4400469136029169,2.276750804366861,651.0907039986201,0.2541915687716256,0.3702804568742567,3.7078790859980386,0.24447907642627245,0.3605679645289035,0.337048;0.361467;0.367199;0.366845;0.370280,0.220959;0.245378;0.251110;0.250756;0.254192,207.06218752066295,worker_02,ok
163,bo,-1,3.571961143854276,0.46451892718036847,300.0,0.8849198016574622,4.036480071034644,336.01021825590703,0.2894596393613815,0.40618406558693976,3.7281781736443302,0.2818204064987204,0.3985448327242786,0.368515;0.405544;0.406968;0.405513;0.406184,0.251791;0.288819;0.290243;0.288789;0.289460,194.71281909545263,worker_41,ok
166,bo,-1,3.757443053247085,0.5427249457450462,300.0,0.873789827310875,4.300167998992131,342.9395907533357,0.2918340293051088,0.4084433975147886,3.7245032206171715,0.28136252625888625,0.39797189446856607,0.370640;0.405740;0.400614;0.404423;0.408443,0.254030;0.289131;0.284004;0.287813;0.291834,192.95365790923435,worker_30,ok
165,bo,-1,4.2,0.5,300.0,0.8936170212765957,4.7,331.9059537549766,0.29781563033920366,0.4145478979855408,3.7284286286240085,0.2855329520549804,0.40226521970131746,0.373508;0.403373;0.411496;0.408402;0.414548,0.256775;0.286640;0.294764;0.291669;0.297816,196.24207892417908,worker_17,ok
153,bo,-1,1.0,1.5,300.0,0.4,2.5,708.8261768792215,0.24978906798251765,0.36595298431219037,3.710275487569746,0.24363378001415953,0.3597976963438323,0.339903;0.360986;0.368072;0.364075;0.365953,0.223739;0.244822;0.251908;0.247911;0.249789,210.77825986941656,worker_13,ok
167,bo,-1,4.379896056745083,0.5119155982674739,300.0,0.8953525535385397,4.891811655012557,332.7492114903673,0.29268607417844794,0.4094003132033179,3.7278527944543463,0.28569819347628816,0.40241243250115816,0.368765;0.409885;0.408408;0.415604;0.409400,0.252050;0.293171;0.291694;0.298890;0.292686,194.57613189220427,worker_33,ok
168,bo,-1,3.251501099675397,0.6986687856231649,300.0,0.8231294334394537,3.950169885298562,357.6498352532768,0.2766694748753203,0.39308574563831344,3.718335688170002,0.2710809674801542,0.3874972382431472,0.362512;0.390985;0.396686;0.394218;0.393086,0.246096;0.274568;0.280270;0.277802;0.276669,195.19062209129333,worker_11,ok
144,bo,-1,1.0,2.5,300.0,0.2857142857142857,3.5,974.8426682793523,0.24105724377625162,0.35700959348106054,3.703518049571597,0.2381112341022272,0.3540635838070364,0.337722;0.358444;0.356569;0.360574;0.357010,0.221770;0.242492;0.240616;0.244622;0.241057,226.43110413948696,worker_32,ok
170,bo,-1,3.8993011894794423,0.48759603249751315,300.0,0.8888517310013984,4.386897221976955,333.43032631843937,0.2945284051799084,0.4110743736073491,3.722478231572456,0.2825381683913833,0.3990841368188239,0.373585;0.404242;0.403649;0.402870;0.411074,0.257039;0.287696;0.287103;0.286324;0.294528,192.18679718971254,worker_22,ok
169,bo,-1,4.908871941573915,1.3830607634454584,300.0,0.7801850674051035,6.291932705019374,381.0614602224028,0.27470904365400856,0.39072977845683554,3.7057022696022943,0.2685485058113123,0.38456924061413916,0.362723;0.388344;0.390382;0.390667;0.390730,0.246702;0.272324;0.274362;0.274646;0.274709,195.13031702041627,worker_08,ok
173,bo,-1,2.92,0.4,300.0,0.8795180722891567,3.32,336.19792583086246,0.2889502564771105,0.4057130776734206,3.729404509010144,0.28027977967052886,0.39704260086683885,0.369217;0.402249;0.402670;0.405364;0.405713,0.252454;0.285487;0.285907;0.288601;0.288950,193.30015064875286,worker_10,ok
143,bo,-1,1.1011015460502809,3.1487171553821676,300.0,0.2590937692657671,4.249818701432448,1096.67688798597,0.2322242373801053,0.3496405593089321,3.7502773224067285,0.22984305808354716,0.34725938001237405,0.339906;0.345603;0.350767;0.350380;0.349641,0.222489;0.228187;0.233351;0.232964;0.232224,232.45968036254246,worker_07,ok
171,bo,-1,2.12,0.3,300.0,0.8760330578512397,2.42,339.11893356381074,0.2840404135157845,0.4009031797427169,3.73259675328822,0.27782745150649263,0.39469021773342494,0.369802;0.399444;0.401291;0.402010;0.400903,0.252939;0.282582;0.284429;0.285148;0.284040,196.1399263938268,worker_06,ok
172,bo,-1,4.73814119391271,0.5564834865022777,300.0,0.8948965186218524,5.294624680414987,329.27968868746035,0.29256939808281734,0.40915289052989434,3.723676748759639,0.2829899554581223,0.39957344790519916,0.369660;0.406114;0.406356;0.406585;0.409153,0.253076;0.289530;0.289772;0.290002;0.292569,196.57328899304073,worker_09,ok
162,bo,-1,1.0522768357293448,2.1905310190139486,300.0,0.3244955861908892,3.2428078547432935,919.7940085513806,0.243163520306566,0.360105381176839,3.7351230361965198,0.24260470559080805,0.3595465664610808,0.347527;0.362177;0.364285;0.363639;0.360105,0.230585;0.245235;0.247343;0.246697;0.243164,227.92168350219725,worker_38,ok
175,bo,-1,1.370126748881078,0.16878395494197618,300.0,0.8903224504692359,1.538910703823054,334.9420870710111,0.2912936164190403,0.40835658910815587,3.738991347690353,0.2816929129373164,0.39875588562643216,0.369561;0.403038;0.405267;0.407557;0.408357,0.252498;0.285975;0.288204;0.290494;0.291294,193.25197055339814,worker_05,ok
174,bo,-1,1.0,1.9,300.0,0.3448275862068966,2.9,866.5164991238336,0.24573206441918596,0.3614797334431853,3.696980548626539,0.2405818566705157,0.3563295256945144,0.339488;0.358940;0.360059;0.361681;0.361480,0.223740;0.243192;0.244311;0.245933;0.245732,218.00129979451498,worker_36,ok
156,bo,-1,1.0,5.0,300.0,0.16666666666666666,6.0,1559.413650328753,0.21475480518287787,0.33227425016048084,3.7535710725846387,0.21406441668626863,0.3315838616638703,0.326229;0.332472;0.332092;0.334851;0.332274,0.208710;0.214953;0.214573;0.217332;0.214755,255.63663442532223,worker_37,ok
159,bo,-1,1.0147493920159993,4.241723708335393,300.0,0.19304757632035896,5.256473100351393,1536.7535488334497,0.21903101871922226,0.33646271082890555,3.7507682459832847,0.21933009149029797,0.3367617835999818,0.332667;0.336783;0.339157;0.338739;0.336463,0.215236;0.219351;0.221725;0.221307;0.219031,257.9977159619331,worker_42,ok
176,bo,-1,4.135385370005865,0.5218940638667213,300.0,0.8879401437519587,4.657279433872587,333.45976084578996,0.29585885348527685,0.41256335518870907,3.727541784407626,0.28487113711356826,0.40157563881700054,0.371447;0.404253;0.408287;0.411328;0.412563,0.254742;0.287549;0.291583;0.294623;0.295859,184.51087978283564,worker_23,ok
186,bo,-1,4.996313069278568,3.5343034341744772,300.0,0.5856919095186317,8.530616503453047,506.49419344861604,0.24217773539918191,0.3572050456704075,3.6739722900629457,0.23979320478864588,0.3548205150598715,0.342434;0.356293;0.357092;0.361079;0.357205,0.227407;0.241266;0.242065;0.246051;0.242178,178.9267431616783,worker_00,ok
177,bo,-1,3.738774826202012,0.4688649383339083,300.0,0.888568184404536,4.20763976453592,336.3878950976583,0.29059921675670786,0.4073006568823075,3.727443997611653,0.28109263967572345,0.3977940798013231,0.370666;0.400211;0.406764;0.404028;0.407301,0.253965;0.283510;0.290063;0.287326;0.290599,185.56011409362156,worker_24,ok
178,bo,-1,1.939615701970658,0.26371849343886644,300.0,0.8803093538927034,2.2033341954095245,337.6685151783487,0.29028351937831853,0.4072232817281714,3.7350560094543015,0.282654047430715,0.3995938097805676,0.372041;0.403572;0.408882;0.406252;0.407223,0.255101;0.286632;0.291942;0.289312;0.290284,185.20487859249116,worker_04,ok
190,bo,-1,5.0,4.3,300.0,0.5376344086021505,9.3,520.0178930887945,0.24279710432483087,0.35733220372469154,3.6582510748315507,0.24148493511159744,0.35602003451145803,0.340473;0.361113;0.360492;0.360689;0.357332,0.225938;0.246578;0.245957;0.246154;0.242797,175.47589109341303,worker_03,ok
179,bo,-1,3.4821973712460093,0.5629597657423491,300.0,0.8608311749883033,4.045157136988358,344.78020036413346,0.2878564973940714,0.40444921604840606,3.7239714338194494,0.2782052022499268,0.39479792090426125,0.366950;0.399704;0.401930;0.400957;0.404449,0.250357;0.283111;0.285337;0.284365;0.287856,185.47230356534322,worker_25,ok
182,bo,-1,4.986567862229631,0.305678740112556,300.0,0.942240269004609,5.292246602342187,314.80011604952057,0.28156377581508896,0.39854688555998863,3.7364405252520947,0.2746074299471696,0.39159053969206925,0.368973;0.395297;0.397556;0.397581;0.398547,0.251989;0.278314;0.280572;0.280598;0.281564,184.7668227314949,worker_27,ok
181,bo,-1,1.4195496084914865,0.24979843485920195,300.0,0.8503616811040731,1.6693480433506884,350.50195910587274,0.2879872790159381,0.404969309269681,3.7364060463045474,0.2802050516600065,0.3971870819137494,0.369003;0.400918;0.407140;0.403905;0.404969,0.252021;0.283936;0.290158;0.286923;0.287987,185.48714058001835,worker_39,ok
180,bo,-1,1.827406674932643,0.28326589402840996,300.0,0.865793539844106,2.110672568961053,345.108713196607,0.2868290794197258,0.4037051756910674,3.73302251490665,0.2772759518642903,0.3941520481356321,0.365960;0.395660;0.401319;0.404116;0.403705,0.249084;0.278784;0.284443;0.287240;0.286829,187.0133373260498,worker_19,ok
183,bo,-1,4.927386390466839,1.5301576019409147,300.0,0.763043410352303,6.457543992407754,392.3371868142376,0.2744427581765802,0.39033187338416186,3.701498339730158,0.2679617773529883,0.38385089256056976,0.360742;0.387663;0.389834;0.390683;0.390332,0.244853;0.271774;0.273945;0.274794;0.274443,185.4988525589307,worker_26,ok
185,bo,-1,4.997456302529157,0.1753814303909168,300.0,0.9660957023115602,5.172837732920073,310.46873676379033,0.28664434847393766,0.40374638291783344,3.740238980138031,0.2788801682195387,0.3959822026634345,0.369527;0.399413;0.403589;0.403637;0.403746,0.252425;0.282311;0.286487;0.286535;0.286644,183.86523080269495,worker_35,ok
188,bo,-1,4.555001892148609,0.5401565180120294,300.0,0.8939863151389243,5.095158410160638,334.766025470674,0.2973105852972221,0.4139937558988488,3.726860469015957,0.2865368447205897,0.4032200153222165,0.370665;0.409223;0.410623;0.411595;0.413994,0.253982;0.292540;0.293940;0.294912;0.297311,183.47612958351772,worker_15,ok
193,bo,-1,3.1579959776020816,0.6119089119615329,300.0,0.8376858488776452,3.7699048895636142,352.88146986895686,0.28518470545326646,0.401494812576071,3.714944821502377,0.276437951035511,0.3927480581583157,0.366150;0.397609;0.397117;0.401370;0.401495,0.249840;0.281299;0.280807;0.285060;0.285185,181.8590421597163,worker_31,ok
187,bo,-1,3.64,1.7000000000000002,300.0,0.6816479400749064,5.34,428.6007835834792,0.27088653605480945,0.3862330808053796,3.6841686393332105,0.26514954077664543,0.38049608552721537,0.359837;0.381425;0.387023;0.387962;0.386233,0.244491;0.266079;0.271676;0.272616;0.270887,188.01752916971842,worker_01,ok
189,bo,-1,5.0,2.8000000000000003,300.0,0.641025641025641,7.800000000000001,443.12753407671784,0.2672709161210041,0.3826631500056648,3.685627950276062,0.26160906939733175,0.37700130328199244,0.357276;0.379892;0.382502;0.382674;0.382663,0.241883;0.264499;0.267110;0.267282;0.267271,184.64867537816366,worker_40,ok
197,bo,-1,3.595892473728758,0.8364006445971162,300.0,0.8112939234233151,4.432293118325874,361.55968160952153,0.27992303517368156,0.3960676361795416,3.709658556127171,0.2727245579740245,0.3888691589798844,0.363145;0.391296;0.396893;0.396945;0.396068,0.247000;0.275151;0.280748;0.280800;0.279923,181.6296637336413,worker_21,ok
191,bo,-1,5.0,2.1,300.0,0.7042253521126761,7.1,395.90756909633996,0.27046508181110573,0.3862697785184714,3.69880201283326,0.26404766398665114,0.3798523606940169,0.356231;0.383511;0.386153;0.387096;0.386270,0.240427;0.267706;0.270349;0.271291;0.270465,184.44573581616083,worker_14,ok
196,bo,-1,3.6767670658605356,0.47029186997866734,300.0,0.8865962897429865,4.147058935839203,336.5125584348844,0.29115172218231294,0.40786328969116786,3.7277674662328257,0.2814933333924159,0.39820490090127086,0.369477;0.403844;0.402309;0.407531;0.407863,0.252766;0.287132;0.285598;0.290819;0.291152,183.23259754578274,worker_28,ok
199,bo,-1,3.4184360339606727,0.5103553398530802,300.0,0.8700986407029121,3.9287913738137528,340.0375708518969,0.2916680679767918,0.40832064268837276,3.725883236287896,0.28280738938276895,0.39945996409435003,0.370354;0.402041;0.411781;0.404803;0.408321,0.253701;0.285389;0.295129;0.288151;0.291668,181.38072042862575,worker_16,ok
195,bo,-1,4.943635740419484,1.6632032916136446,300.0,0.7482603581607428,6.606839032033129,394.47643797299287,0.273697674942015,0.3893091538944343,3.692630637740272,0.26707455557248605,0.38268603452490535,0.359450;0.386214;0.388868;0.389588;0.389309,0.243838;0.270603;0.273257;0.273977;0.273698,185.68801523844402,worker_34,ok
198,bo,-1,1.1330182423893773,0.12421591171948965,300.0,0.9011990635845123,1.257234154108867,331.6852053310167,0.28180863413699875,0.39924803145618815,3.7510143503749105,0.27399950069148993,0.39143889801067944,0.364544;0.393496;0.399802;0.400105;0.399248,0.247104;0.276056;0.282362;0.282666;0.281809,183.2485988299052,worker_20,ok
202,bo,-1,3.9573732918570563,0.5231034522853106,300.0,0.8832482608085849,4.480476744142367,333.54290664012797,0.2906212268117496,0.40732376994815794,3.7274792277768825,0.2830290813316295,0.39973162446803784,0.369883;0.403463;0.406928;0.411061;0.407324,0.253180;0.286760;0.290226;0.294358;0.290621,180.99230242172877,worker_41,ok
194,bo,-1,5.0,3.0,300.0,0.625,8.0,458.76293562964645,0.2657815384312101,0.3810680518641619,3.6822512390484814,0.259987711847132,0.37527422528008386,0.354065;0.375455;0.379339;0.386444;0.381068,0.238778;0.260169;0.264053;0.271157;0.265782,187.35925283432007,worker_43,ok
200,bo,-1,2.530021611092201,0.4497382982167819,300.0,0.8490689478666494,2.979759909308983,348.16862184143287,0.2841817276202791,0.4008225847722035,3.7255089774324657,0.2801032132370808,0.39674407038900517,0.368391;0.403190;0.404319;0.406997;0.400823,0.251750;0.286549;0.287679;0.290357;0.284182,183.3080236117045,worker_18,ok
201,bo,-1,2.011076381506262,0.2608868132677128,300.0,0.8851711973733505,2.2719631947739747,337.2106418398501,0.28899374608600575,0.40592685379790516,3.7348434603180674,0.2821248351442388,0.3990579428561382,0.370365;0.404378;0.408273;0.406347;0.405927,0.253432;0.287445;0.291340;0.289414;0.288994,182.90244439840316,worker_02,ok
203,bo,-1,4.261202831172774,0.5278629802953549,300.0,0.8897774636900356,4.789065811468129,333.88499162629364,0.2942293525592511,0.41092256855667103,3.7271813189575926,0.2847925350395643,0.40148575103698425,0.372332;0.406058;0.408831;0.409285;0.410923,0.255638;0.289365;0.292138;0.292592;0.294229,180.47879066467286,worker_30,ok
204,bo,-1,3.8318134792447767,0.543932214004062,300.0,0.8756938240621996,4.375745693248839,339.30062966697346,0.28674770665077853,0.40321498131632916,3.7199647528176865,0.28085240174530746,0.39731967641085786,0.370801;0.401401;0.403767;0.407415;0.403215,0.254333;0.284934;0.287299;0.290947;0.286748,179.0237969994545,worker_17,ok
205,bo,-1,2.2800000000000002,0.3,300.0,0.8837209302325583,2.58,339.1211215521597,0.27668219326386884,0.3935430369830826,3.7325353483916865,0.2717374276722314,0.3885982713914452,0.369506;0.394194;0.393086;0.392663;0.393543,0.252645;0.277333;0.276225;0.275802;0.276682,179.06859659353893,worker_13,ok
206,bo,-1,2.171223650033641,0.24729705155766668,300.0,0.8977486314692475,2.4185207015913077,331.5220044924542,0.2908224563942396,0.4077752870559438,3.7354734113348322,0.28344308359788484,0.4003959142595891,0.372143;0.405729;0.407115;0.409218;0.407775,0.255190;0.288776;0.290162;0.292265;0.290822,179.69871181646982,worker_33,ok
207,bo,-1,4.642867678126658,0.5680189716403361,300.0,0.8909937962926644,5.210886649766994,336.0381339462119,0.2939990584778581,0.41045573573713634,3.719626271661347,0.2845085439182994,0.4009652211775777,0.369134;0.404899;0.409877;0.410460;0.410456,0.252677;0.288442;0.293421;0.294003;0.293999,180.15827390352885,worker_11,ok
208,bo,-1,3.618863682226539,0.5304533828429392,300.0,0.8721588698756002,4.149317065069479,341.8326422464877,0.29263828497338906,0.4092547112451776,3.7247286551209253,0.2820132192858357,0.3986296455576244,0.370290;0.401459;0.404979;0.407165;0.409255,0.253674;0.284842;0.288363;0.290549;0.292638,176.88663380940756,worker_32,ok
210,bo,-1,3.9302827145869017,0.4154485698285687,300.0,0.9044007687915638,4.3457312844154705,330.8021324573487,0.28029545147156865,0.3968918108934091,3.7240877199335842,0.2802968426747584,0.39689320209659884,0.372143;0.405987;0.407714;0.401730;0.396892,0.255547;0.289391;0.291118;0.285134;0.280295,175.57483650048573,worker_08,ok
209,bo,-1,1.5006615430372552,0.21858041626820812,300.0,0.8728623303513894,1.7192419593054633,343.2764401255917,0.2923603342754505,0.40942443565844966,3.7390273981729925,0.2827463822550042,0.3998104836380033,0.370309;0.402693;0.409377;0.407250;0.409424,0.253245;0.285629;0.292312;0.290186;0.292360,176.43605963389078,worker_22,ok
211,bo,-1,2.44,0.4,300.0,0.8591549295774649,2.84,348.2019084335073,0.2899274381391163,0.40662095371954043,3.7271908876387463,0.28045183041441607,0.39714534599484025,0.367408;0.400314;0.407366;0.404018;0.406621,0.250714;0.283621;0.290673;0.287324;0.289927,175.07354321082434,worker_10,ok
213,bo,-1,2.6583200070339705,0.5406569917207055,300.0,0.8309906598480774,3.198976998754676,359.83722493579893,0.2878884138934299,0.4043666362050334,3.7203144206326146,0.2778612962439384,0.3943395185555418,0.363790;0.398072;0.404886;0.400583;0.404367,0.247312;0.281594;0.288408;0.284105;0.287888,175.06841597557067,worker_06,ok
212,bo,-1,3.1612156618383134,1.0932615994373744,300.0,0.7430326847934394,4.254477261275688,401.19254128806637,0.27416158467964813,0.3901182536081091,3.7036560055750423,0.2669864280936299,0.38294309702209106,0.359156;0.385833;0.388960;0.390648;0.390118,0.243200;0.269876;0.273003;0.274692;0.274162,176.7803184946378,worker_07,ok
192,bo,-1,1.0070125935305203,2.7917933096885825,300.0,0.26508661384283394,3.798805903219103,1106.2936065909703,0.24063825230413474,0.3568721261282051,3.712509929940808,0.2361310866641564,0.3523649604882261,0.342487;0.353030;0.355551;0.353886;0.356872,0.226253;0.236796;0.239317;0.237652;0.240638,213.01806583007178,worker_29,ok
184,bo,-1,1.0,4.4,300.0,0.18518518518518517,5.4,1559.336628797266,0.21959061741546954,0.3370999669394041,3.7532486237944696,0.21675255312354996,0.3342619026474841,0.328262;0.332895;0.338877;0.334176;0.337100,0.210752;0.215386;0.221368;0.216666;0.219591,226.9318921605746,worker_12,ok
217,rep,52,4.934918190571459,0.46958730175993113,299.5,0.9131118837003233,5.40450549233139,322.8155164942406,0.29403005463332327,0.4106652749875175,3.7253289381129635,0.28514979128116513,0.40178501163535946,0.370192;0.405833;0.410933;0.411302;0.410665,0.253557;0.289197;0.294298;0.294666;0.294030,131.20047949552537,worker_36,ok
214,rep,119,4.76462253988587,0.4802806043824037,300.5,0.9084290803525583,5.2449031442682745,327.9953230290994,0.28793128920388833,0.40472115251237073,3.7302682340729274,0.28107453464643156,0.39786439795491413,0.370455;0.407576;0.403979;0.402590;0.404721,0.253665;0.290786;0.287190;0.285801;0.287931,131.76109265089036,worker_09,ok
218,rep,128,4.68,0.5,300.5,0.9034749034749034,5.18,332.4586129730705,0.29635786723344304,0.4132729324361918,3.7342671825757954,0.28599675504075905,0.4029118202435079,0.370738;0.405121;0.410059;0.415368;0.413273,0.253823;0.288206;0.293144;0.298453;0.296358,132.0345949967702,worker_37,ok
215,rep,119,4.76462253988587,0.4802806043824037,299.5,0.9084290803525583,5.2449031442682745,326.90382444996766,0.2870979993156036,0.4035183578025904,3.7184662500743575,0.2796542838884188,0.3960746423754057,0.370648;0.399644;0.402825;0.403737;0.403518,0.254228;0.283224;0.286405;0.287317;0.287098,132.2928212841352,worker_38,ok
216,rep,52,4.934918190571459,0.46958730175993113,300.5,0.9131118837003233,5.40450549233139,323.89336462944675,0.2889735858434005,0.40597902803221286,3.7371538235106683,0.2834959825541955,0.400501424743008,0.370465;0.405501;0.408447;0.412115;0.405979,0.253459;0.288496;0.291441;0.295110;0.288974,132.45061161518097,worker_05,ok
219,rep,128,4.68,0.5,299.5,0.9034749034749034,5.18,331.3522615155894,0.29810728579024326,0.414651624632373,3.7224261826176233,0.28576345136209536,0.40230779020422514,0.370103;0.402010;0.412434;0.412340;0.414652,0.253559;0.285465;0.295890;0.295796;0.298107,133.04476372798283,worker_42,ok
